<?xml version="1.0" encoding="UTF-8"?>
<whiteurl>
	<embed>
		<domain name="http://www.naver.com" isNAVER="true" desc="네이버">
			<pattern>http://serviceapi.nmv.naver.com/</pattern>
			<pattern>http://scrap.ad.naver.com/</pattern>
			<pattern>http://event.dn.naver.com/sbsplayer/vmplayer.xap</pattern>
		</domain>
		<domain name="" isNAVER="true" desc="네이버 뮤직 서비스">
			<pattern>http://musicplayer.naver.com/naverPlayer/posting/</pattern>
			<pattern>http://player.music.naver.com/naverPlayer/posting/</pattern>
		</domain>
		<domain name="http://www.daum.net" desc="다음">
			<pattern>http://flvs.daum.net/flvPlayer.swf</pattern>
			<pattern>http://api.v.daum.net/</pattern>
			<pattern>http://tvpot.daum.net/playlist/playlist.swf</pattern>
			<pattern>http://videofarm.daum.net/</pattern>
		</domain>
		<domain name="http://www.youtube.com" desc="Youtube">
			<pattern>http://www.youtube.com/</pattern>
			<pattern>https://www.youtube.com/</pattern>
			<pattern>http://www.youtube-nocookie.com/</pattern>
			<pattern>https://www.youtube-nocookie.com/</pattern>
		</domain>
		<domain name="http://www.mgoon.com" desc="엠군">
			<pattern>http://play.mgoon.com/</pattern>
			<pattern>http://doc.mgoon.com/player/</pattern>
		</domain>
		<domain name="http://www.pandora.tv" desc="판도라TV">
			<pattern>http://flvr.pandora.tv/flv2pan/</pattern>
			<pattern>http://imgcdn.pandora.tv/gplayer/pandora_EGplayer.swf</pattern>
			<pattern>http://imgcdn.pandora.tv/gplayer/flJal.swf</pattern>
		</domain>
		<domain name="http://www.tagstory.com" desc="태그스토리">
			<pattern>http://play.tagstory.com/player/</pattern>
			<pattern>http://www.tagstory.com/player/basic/</pattern>
		</domain>
		<domain name="" desc="싸이월드">
			<pattern>http://dbi.video.cyworld.com/v.sk/</pattern>
		</domain>
		<domain name="" desc="이글루스 동영상">
			<pattern>http://v.egloos.com/v.sk/</pattern>
		</domain>
		<domain name="http://www.nate.com" desc="네이트">
			<pattern>http://v.nate.com/v.sk/</pattern>
			<pattern>http://w.blogdoc.nate.com/</pattern>
			<pattern>http://blogdoc.nate.com/flash/blogdoc_widget_reco.swf</pattern>
		</domain>
		<domain name="http://www.kbs.co.kr" desc="KBS">
			<pattern>http://www.kbs.co.kr/zzim/vmplayer/vmplayer.xap</pattern>
			<pattern>http://vmark.kbs.co.kr/zzim/vmplayer/vmplayer.xap</pattern>
		</domain>
		<domain name="http://www.sbs.co.kr" desc="SBS">
			<pattern>http://netv.sbs.co.kr/sbox/</pattern>
			<pattern>http://news.sbs.co.kr/</pattern>
			<pattern>http://wizard2.sbs.co.kr/</pattern>
			<pattern>http://sbsplayer.sbs.co.kr/</pattern>
		</domain>
		<domain name="http://www.imbc.com" desc="MBC">
			<pattern>http://onemore.imbc.com/ClientBin/oneplus.xap</pattern>
		</domain>
		<domain name="" isNAVER="true" desc="socialsearch">
			<pattern>http://static.campaign.naver.com/</pattern>
		</domain>
	</embed>
	<iframe>
		<domain name="http://www.youtube.com" desc="유튜브 동영상" mobile="true">
			<pattern>http://www.youtube.com/</pattern>
			<pattern>https://www.youtube.com/</pattern>
			<pattern>http://www.youtube-nocookie.com/</pattern>
			<pattern>https://www.youtube-nocookie.com/</pattern>
		</domain>
		<domain name="http://maps.google.com" desc="구글맵스" mobile="true">
			<pattern>http://maps.google.com/</pattern>
			<pattern>http://maps.google.co.kr/</pattern>
		</domain>
		<domain name="http://flvs.daum.net" desc="다음 TV 팟 동영상" mobile="false">
			<pattern>http://flvs.daum.net/</pattern>
		</domain>
		<domain name="http://www.sbs.co.kr" desc="SBS">
			<pattern>http://sbsplayer.sbs.co.kr/</pattern>
		</domain>
		<domain name="http://www.vimeo.com" desc="vimeo.com">
			<pattern>http://player.vimeo.com/</pattern>
		</domain>
		<domain name="http://tvcast.naver.com" isNAVER="true" desc="NAVER TVCAST">
			<pattern>http://serviceapi.rmcnmv.naver.com/</pattern>
		</domain>
	</iframe>
</whiteurl>
